{
  "src": [
    "../highohh.ogg",
    "../highohh.m4a",
    "../highohh.mp3",
    "../highohh.ac3"
  ],
  "sprite": {
    "bs": [
      0,
      1201.6326530612246
    ],
    "didnt_get_hit": [
      3000,
      1332.2448979591836
    ],
    "ftg": [
      6000,
      1280.0000000000002
    ],
    "laggy": [
      9000,
      1436.7346938775504
    ],
    "shit_pants": [
      12000,
      1253.877551020409
    ]
  }
}