{
  "src": [
    "../impact.ogg",
    "../impact.m4a",
    "../impact.mp3",
    "../impact.ac3"
  ],
  "sprite": {
    "punch1": [
      0,
      960
    ],
    "punch2": [
      2000,
      1906.9387755102039
    ],
    "punch3": [
      5000,
      1567.3469387755104
    ]
  }
}