{
  "src": [
    "../likir.ogg",
    "../likir.m4a",
    "../likir.mp3",
    "../likir.ac3"
  ],
  "sprite": {
    "damn_it": [
      0,
      966.530612244898
    ],
    "dang_it": [
      2000,
      862.0408163265307
    ],
    "help": [
      4000,
      835.918367346939
    ],
    "next_game": [
      6000,
      1436.7346938775504
    ],
    "one_sec": [
      9000,
      1253.877551020409
    ],
    "ouch": [
      12000,
      1018.7755102040815
    ],
    "stupid_chat": [
      15000,
      1253.877551020409
    ],
    "upos": [
      18000,
      1515.102040816327
    ],
    "yrudt": [
      21000,
      1671.8367346938762
    ]
  }
}